Source,eType,Target,Time,Weight,SourceLocation,TargetLocation,SourceLatitude,SourceLongitude,TargetLatitude,TargetLongitude
pers_614761,4_author,doc_514306,2018-05-10,0.1,NA,NA,NA,NA,NA,NA
pers_614761,1_phone,pers_542965,2025-01-20,1,1,2,-27.7842,-8.74823,-21.896,89.4
pers_538892,1_phone,pers_572391,2025-01-21,1,2,2,-23.5953,91.3571,-21.1411,91.1427
pers_538892,0_emails,pers_614761,2025-01-24,1,NA,NA,NA,NA,NA,NA
pers_614761,1_phone,pers_500813,2025-01-26,1,1,1,-27.7842,-8.74823,-29.1714,-10.493
pers_500813,0_emails,pers_542965,2025-01-27,1,NA,NA,NA,NA,NA,NA
pers_500813,0_emails,pers_614761,2025-01-28,1,NA,NA,NA,NA,NA,NA
pers_614761,0_emails,pers_542965,2025-01-29,1,NA,NA,NA,NA,NA,NA
pers_500813,1_phone,pers_542965,2025-01-29,1,1,2,-29.1714,-10.493,-21.896,89.4
pers_500813,0_emails,pers_538892,2025-02-04,1,NA,NA,NA,NA,NA,NA
pers_500813,1_phone,pers_614761,2025-02-06,1,1,1,-29.1714,-10.493,-27.7842,-8.74823
pers_614761,1_phone,pers_500813,2025-02-08,1,1,1,-27.7842,-8.74823,-29.1714,-10.493
pers_614761,0_emails,pers_542965,2025-02-12,1,NA,NA,NA,NA,NA,NA
pers_538892,1_phone,pers_500813,2025-02-12,1,2,1,-23.5953,91.3571,-29.1714,-10.493
pers_614761,1_phone,pers_572391,2025-02-15,1,1,2,-27.7842,-8.74823,-21.1411,91.1427
pers_500813,0_emails,pers_572391,2025-02-17,1,NA,NA,NA,NA,NA,NA
pers_500813,1_phone,pers_572391,2025-02-19,1,1,2,-29.1714,-10.493,-21.1411,91.1427
pers_493094,0_emails,pers_572391,2025-02-19,1,NA,NA,NA,NA,NA,NA
pers_536003,0_emails,pers_572391,2025-02-23,1,NA,NA,NA,NA,NA,NA
pers_536003,0_emails,pers_493094,2025-02-23,1,NA,NA,NA,NA,NA,NA
pers_521318,0_emails,pers_572391,2025-02-25,1,NA,NA,NA,NA,NA,NA
pers_536003,0_emails,pers_493094,2025-02-25,1,NA,NA,NA,NA,NA,NA
pers_493094,0_emails,pers_536003,2025-02-25,1,NA,NA,NA,NA,NA,NA
pers_493094,0_emails,pers_521318,2025-02-25,1,NA,NA,NA,NA,NA,NA
pers_521318,0_emails,pers_493094,2025-02-26,1,NA,NA,NA,NA,NA,NA
pers_542649,0_emails,pers_493094,2025-02-26,1,NA,NA,NA,NA,NA,NA
pers_493094,0_emails,pers_572391,2025-02-28,1,NA,NA,NA,NA,NA,NA
pers_536003,0_emails,pers_572391,2025-02-28,1,NA,NA,NA,NA,NA,NA
pers_614761,0_emails,pers_572391,2025-03-01,1,NA,NA,NA,NA,NA,NA
pers_521318,0_emails,pers_572391,2025-03-04,1,NA,NA,NA,NA,NA,NA
pers_572391,0_emails,pers_493094,2025-03-04,1,NA,NA,NA,NA,NA,NA
pers_542649,0_emails,pers_493094,2025-03-06,1,NA,NA,NA,NA,NA,NA
pers_614761,0_emails,pers_538892,2025-03-06,1,NA,NA,NA,NA,NA,NA
pers_614761,1_phone,pers_538892,2025-03-06,1,1,2,-27.7842,-8.74823,-23.5953,91.3571
pers_493094,0_emails,pers_536003,2025-03-06,1,NA,NA,NA,NA,NA,NA
pers_572391,0_emails,pers_493094,2025-03-06,1,NA,NA,NA,NA,NA,NA
pers_536003,0_emails,pers_493094,2025-03-07,1,NA,NA,NA,NA,NA,NA
pers_542649,0_emails,pers_493094,2025-03-08,1,NA,NA,NA,NA,NA,NA
pers_493094,0_emails,pers_572391,2025-03-08,1,NA,NA,NA,NA,NA,NA
pers_500813,0_emails,pers_542965,2025-03-08,1,NA,NA,NA,NA,NA,NA
pers_500813,0_emails,pers_614761,2025-03-09,1,NA,NA,NA,NA,NA,NA
pers_493094,0_emails,pers_536003,2025-03-10,1,NA,NA,NA,NA,NA,NA
pers_521318,0_emails,pers_493094,2025-03-10,1,NA,NA,NA,NA,NA,NA
pers_572391,0_emails,pers_493094,2025-03-10,1,NA,NA,NA,NA,NA,NA
pers_521318,0_emails,pers_572391,2025-03-11,1,NA,NA,NA,NA,NA,NA
pers_536003,0_emails,pers_572391,2025-03-11,1,NA,NA,NA,NA,NA,NA
pers_536003,0_emails,pers_493094,2025-03-12,1,NA,NA,NA,NA,NA,NA
pers_521318,0_emails,pers_572391,2025-03-12,1,NA,NA,NA,NA,NA,NA
pers_493094,0_emails,pers_536003,2025-03-12,1,NA,NA,NA,NA,NA,NA
pers_572391,0_emails,pers_493094,2025-03-14,1,NA,NA,NA,NA,NA,NA
pers_538892,0_emails,pers_500813,2025-03-17,1,NA,NA,NA,NA,NA,NA
pers_493094,0_emails,pers_536003,2025-03-17,1,NA,NA,NA,NA,NA,NA
pers_536003,0_emails,pers_572391,2025-03-19,1,NA,NA,NA,NA,NA,NA
pers_521318,0_emails,pers_493094,2025-03-19,1,NA,NA,NA,NA,NA,NA
pers_493094,0_emails,pers_572391,2025-03-20,1,NA,NA,NA,NA,NA,NA
pers_493094,0_emails,pers_536003,2025-03-21,1,NA,NA,NA,NA,NA,NA
pers_572391,0_emails,pers_493094,2025-03-22,1,NA,NA,NA,NA,NA,NA
pers_521318,0_emails,pers_572391,2025-03-25,1,NA,NA,NA,NA,NA,NA
pers_538892,1_phone,pers_572391,2025-03-25,1,2,2,-23.5953,91.3571,-21.1411,91.1427
pers_493094,0_emails,pers_572391,2025-03-26,1,NA,NA,NA,NA,NA,NA
pers_493094,0_emails,pers_536003,2025-03-27,1,NA,NA,NA,NA,NA,NA
pers_614761,1_phone,pers_500813,2025-03-29,1,1,1,-27.7842,-8.74823,-29.1714,-10.493
pers_614761,0_emails,pers_542965,2025-03-30,1,NA,NA,NA,NA,NA,NA
pers_493094,0_emails,pers_572391,2025-03-30,1,NA,NA,NA,NA,NA,NA
pers_493094,0_emails,pers_572391,2025-03-31,1,NA,NA,NA,NA,NA,NA
pers_521318,0_emails,pers_493094,2025-04-02,1,NA,NA,NA,NA,NA,NA
pers_572391,0_emails,pers_493094,2025-04-04,1,NA,NA,NA,NA,NA,NA
pers_538892,1_phone,pers_572391,2025-04-04,1,2,2,-23.5953,91.3571,-21.1411,91.1427
pers_521318,0_emails,pers_572391,2025-04-05,1,NA,NA,NA,NA,NA,NA
pers_538892,1_phone,pers_500813,2025-04-06,1,2,1,-23.5953,91.3571,-29.1714,-10.493
pers_572391,0_emails,pers_493094,2025-04-08,1,NA,NA,NA,NA,NA,NA
pers_538892,1_phone,pers_542965,2025-04-09,1,2,2,-23.5953,91.3571,-21.896,89.4
pers_521318,0_emails,pers_572391,2025-04-11,1,NA,NA,NA,NA,NA,NA
pers_541619,1_phone,pers_607386,2025-04-14,1,4,0,5.91178,-161.276,33.5741,-40.3904
pers_572391,0_emails,pers_493094,2025-04-14,1,NA,NA,NA,NA,NA,NA
pers_614761,1_phone,pers_572391,2025-04-15,1,1,2,-27.7842,-8.74823,-21.1411,91.1427
pers_544074,0_emails,pers_516236,2025-04-15,1,NA,NA,NA,NA,NA,NA
pers_544074,0_emails,pers_516236,2025-04-15,1,NA,NA,NA,NA,NA,NA
pers_493652,1_phone,pers_607386,2025-04-16,1,5,0,24.9831,155.446,33.5741,-40.3904
pers_493652,1_phone,pers_538892,2025-04-16,1,5,2,24.9831,155.446,-23.5953,91.3571
pers_544074,0_emails,pers_607386,2025-04-16,1,NA,NA,NA,NA,NA,NA
pers_538892,1_phone,pers_542965,2025-04-17,1,2,2,-23.5953,91.3571,-21.896,89.4
pers_544074,0_emails,pers_493652,2025-04-17,1,NA,NA,NA,NA,NA,NA
pers_541619,1_phone,pers_607386,2025-04-18,1,4,0,5.91178,-161.276,33.5741,-40.3904
pers_538892,1_phone,pers_607386,2025-04-19,1,2,0,-23.5953,91.3571,33.5741,-40.3904
pers_541619,0_emails,pers_538892,2025-04-20,1,NA,NA,NA,NA,NA,NA
pers_572391,0_emails,pers_542649,2025-04-20,1,NA,NA,NA,NA,NA,NA
pers_542649,0_emails,pers_572391,2025-04-20,1,NA,NA,NA,NA,NA,NA
pers_500813,1_phone,pers_542965,2025-04-22,1,1,2,-29.1714,-10.493,-21.896,89.4
pers_544074,0_emails,pers_493652,2025-04-22,1,NA,NA,NA,NA,NA,NA
pers_541619,1_phone,pers_607386,2025-04-22,1,4,0,5.91178,-161.276,33.5741,-40.3904
pers_538892,1_phone,pers_544074,2025-04-22,1,2,4,-23.5953,91.3571,2.35166,-161.322
pers_500813,1_phone,pers_542965,2025-04-22,1,1,2,-29.1714,-10.493,-21.896,89.4
pers_500813,0_emails,pers_614761,2025-04-23,1,NA,NA,NA,NA,NA,NA
pers_493652,1_phone,pers_516236,2025-04-23,1,5,0,24.9831,155.446,32.1192,-47.3531
pers_544074,0_emails,pers_541619,2025-04-24,1,NA,NA,NA,NA,NA,NA
pers_541619,1_phone,pers_544074,2025-04-25,1,4,4,5.91178,-161.276,2.35166,-161.322
pers_572391,0_emails,pers_542649,2025-04-25,1,NA,NA,NA,NA,NA,NA
pers_614761,1_phone,pers_542965,2025-04-27,1,1,2,-27.7842,-8.74823,-21.896,89.4
pers_538892,1_phone,pers_493652,2025-04-28,1,2,5,-23.5953,91.3571,24.9831,155.446
pers_541619,0_emails,pers_493652,2025-04-29,1,NA,NA,NA,NA,NA,NA
pers_516236,1_phone,pers_538892,2025-04-29,1,0,2,32.1192,-47.3531,-23.5953,91.3571
pers_493652,1_phone,pers_544074,2025-04-30,1,5,4,24.9831,155.446,2.35166,-161.322
pers_607386,0_emails,pers_516236,2025-04-30,1,NA,NA,NA,NA,NA,NA
pers_493652,1_phone,pers_541619,2025-04-30,1,5,4,24.9831,155.446,5.91178,-161.276
pers_544074,0_emails,pers_541619,2025-05-01,1,NA,NA,NA,NA,NA,NA
pers_607386,0_emails,pers_538892,2025-05-02,1,NA,NA,NA,NA,NA,NA
pers_541619,0_emails,pers_516236,2025-05-03,1,NA,NA,NA,NA,NA,NA
pers_493652,0_emails,pers_538892,2025-05-03,1,NA,NA,NA,NA,NA,NA
pers_542649,2_sell,prod_476813,2025-05-03,398,NA,NA,NA,NA,NA,NA
pers_572391,3_buy,prod_476813,2025-05-03,398,NA,NA,NA,NA,NA,NA
pers_542649,0_emails,pers_572391,2025-05-03,1,NA,NA,NA,NA,NA,NA
pers_493652,1_phone,pers_516236,2025-05-03,1,5,0,24.9831,155.446,32.1192,-47.3531
pers_614761,1_phone,pers_572391,2025-05-05,1,1,2,-27.7842,-8.74823,-21.1411,91.1427
pers_544074,0_emails,pers_516236,2025-05-05,1,NA,NA,NA,NA,NA,NA
pers_607386,0_emails,pers_493652,2025-05-06,1,NA,NA,NA,NA,NA,NA
pers_541619,0_emails,pers_607386,2025-05-06,1,NA,NA,NA,NA,NA,NA
pers_544074,0_emails,pers_541619,2025-05-07,1,NA,NA,NA,NA,NA,NA
pers_614761,1_phone,pers_572391,2025-05-08,1,1,2,-27.7842,-8.74823,-21.1411,91.1427
pers_544074,0_emails,pers_541619,2025-05-09,1,NA,NA,NA,NA,NA,NA
pers_516236,1_phone,pers_538892,2025-05-09,1,0,2,32.1192,-47.3531,-23.5953,91.3571
pers_607386,0_emails,pers_541619,2025-05-09,1,NA,NA,NA,NA,NA,NA
pers_607386,0_emails,pers_538892,2025-05-10,1,NA,NA,NA,NA,NA,NA
pers_493652,0_emails,pers_538892,2025-05-11,1,NA,NA,NA,NA,NA,NA
pers_542649,2_sell,prod_476813,2025-05-13,123,NA,NA,NA,NA,NA,NA
pers_572391,3_buy,prod_476813,2025-05-13,123,NA,NA,NA,NA,NA,NA
pers_572391,0_emails,pers_542649,2025-05-19,1,NA,NA,NA,NA,NA,NA
pers_542649,2_sell,prod_476813,2025-05-20,171,NA,NA,NA,NA,NA,NA
pers_572391,3_buy,prod_476813,2025-05-20,171,NA,NA,NA,NA,NA,NA
pers_542649,2_sell,prod_476813,2025-05-21,364,NA,NA,NA,NA,NA,NA
pers_572391,3_buy,prod_476813,2025-05-21,364,NA,NA,NA,NA,NA,NA
pers_542649,0_emails,pers_572391,2025-05-27,1,NA,NA,NA,NA,NA,NA
pers_542649,2_sell,prod_476813,2025-06-01,110,NA,NA,NA,NA,NA,NA
pers_572391,3_buy,prod_476813,2025-06-01,110,NA,NA,NA,NA,NA,NA
pers_542649,0_emails,pers_572391,2025-06-06,1,NA,NA,NA,NA,NA,NA
pers_542649,0_emails,pers_572391,2025-06-08,1,NA,NA,NA,NA,NA,NA
pers_629627,6_travels,count_657173,2025-06-08,5,3,1,-25,-111,-29,-13
pers_585212,6_travels,count_657173,2025-06-15,2,3,1,-25,-111,-29,-13
pers_629627,6_travels,count_625756,2025-06-22,3,4,3,1,-165,-25,-111
pers_542649,2_sell,prod_476813,2025-06-25,150,NA,NA,NA,NA,NA,NA
pers_572391,3_buy,prod_476813,2025-06-25,150,NA,NA,NA,NA,NA,NA
pers_534034,6_travels,count_657173,2025-06-25,2,3,1,-25,-111,-29,-13
pers_599441,6_travels,count_625756,2025-07-01,1,4,3,1,-165,-25,-111
pers_534034,6_travels,count_625756,2025-07-03,5,4,3,1,-165,-25,-111
pers_538892,0_emails,pers_541619,2025-07-12,1,NA,NA,NA,NA,NA,NA
pers_599441,6_travels,count_509607,2025-07-14,6,2,4,-22,91,1,-165
pers_538892,0_emails,pers_541619,2025-07-15,1,NA,NA,NA,NA,NA,NA
pers_534034,6_travels,count_509607,2025-07-16,5,2,4,-22,91,1,-165
pers_544074,1_phone,pers_538892,2025-07-18,1,4,2,2.35166,-161.322,-23.5953,91.3571
pers_544074,1_phone,pers_541619,2025-07-18,1,4,4,2.35166,-161.322,5.91178,-161.276
pers_544074,1_phone,pers_541619,2025-07-21,1,4,4,2.35166,-161.322,5.91178,-161.276
pers_538892,0_emails,pers_541619,2025-07-22,1,NA,NA,NA,NA,NA,NA
pers_599441,6_travels,count_499467,2025-07-22,3,1,2,-29,-13,-22,91
pers_585212,6_travels,count_509607,2025-07-22,5,2,4,-22,91,1,-165
pers_544074,1_phone,pers_538892,2025-07-23,1,4,2,2.35166,-161.322,-23.5953,91.3571
pers_629627,6_travels,count_509607,2025-07-24,3,2,4,-22,91,1,-165
pers_538892,0_emails,pers_544074,2025-07-24,1,NA,NA,NA,NA,NA,NA
pers_585212,6_travels,count_499467,2025-07-25,1,1,2,-29,-13,-22,91
pers_544074,1_phone,pers_541619,2025-07-25,1,4,4,2.35166,-161.322,5.91178,-161.276
pers_534034,6_travels,count_499467,2025-07-26,2,1,2,-29,-13,-22,91
pers_544074,0_emails,pers_538892,2025-07-27,1,NA,NA,NA,NA,NA,NA
pers_541619,0_emails,pers_538892,2025-07-28,1,NA,NA,NA,NA,NA,NA
pers_538892,0_emails,pers_544074,2025-07-29,1,NA,NA,NA,NA,NA,NA
pers_544074,1_phone,pers_541619,2025-07-30,1,4,4,2.35166,-161.322,5.91178,-161.276
pers_544074,0_emails,pers_541619,2025-07-30,1,NA,NA,NA,NA,NA,NA
pers_538892,0_emails,pers_544074,2025-08-01,1,NA,NA,NA,NA,NA,NA
pers_544074,0_emails,pers_538892,2025-08-04,1,NA,NA,NA,NA,NA,NA
pers_544074,1_phone,pers_538892,2025-08-05,1,4,2,2.35166,-161.322,-23.5953,91.3571
pers_544074,1_phone,pers_541619,2025-08-07,1,4,4,2.35166,-161.322,5.91178,-161.276
pers_544074,0_emails,pers_541619,2025-08-07,1,NA,NA,NA,NA,NA,NA
pers_538892,0_emails,pers_541619,2025-08-08,1,NA,NA,NA,NA,NA,NA
pers_544074,0_emails,pers_541619,2025-08-09,1,NA,NA,NA,NA,NA,NA
pers_544074,1_phone,pers_541619,2025-08-09,1,4,4,2.35166,-161.322,5.91178,-161.276
pers_542965,6_travels,count_509607,2025-08-09,1,2,4,-22,91,1,-165
pers_544074,0_emails,pers_538892,2025-08-10,1,NA,NA,NA,NA,NA,NA
pers_544074,1_phone,pers_538892,2025-08-11,1,4,2,2.35166,-161.322,-23.5953,91.3571
pers_544074,1_phone,pers_538892,2025-08-12,1,4,2,2.35166,-161.322,-23.5953,91.3571
pers_635665,6_travels,count_625756,2025-08-12,5,0,3,33,-41,-25,-111
pers_538892,0_emails,pers_544074,2025-08-13,1,NA,NA,NA,NA,NA,NA
pers_544074,0_emails,pers_541619,2025-08-16,1,NA,NA,NA,NA,NA,NA
pers_544074,1_phone,pers_538892,2025-08-17,1,4,2,2.35166,-161.322,-23.5953,91.3571
pers_544074,1_phone,pers_541619,2025-08-18,1,4,4,2.35166,-161.322,5.91178,-161.276
pers_544074,0_emails,pers_541619,2025-08-19,1,NA,NA,NA,NA,NA,NA
pers_538892,0_emails,pers_541619,2025-08-20,1,NA,NA,NA,NA,NA,NA
pers_538892,6_travels,count_509607,2025-08-20,6,2,4,-22,91,1,-165
pers_541619,0_emails,pers_544074,2025-08-20,1,NA,NA,NA,NA,NA,NA
pers_544074,0_emails,pers_538892,2025-08-21,1,NA,NA,NA,NA,NA,NA
pers_568093,6_travels,count_625756,2025-08-21,1,0,3,33,-41,-25,-111
pers_544074,1_phone,pers_541619,2025-08-22,1,4,4,2.35166,-161.322,5.91178,-161.276
pers_541619,0_emails,pers_538892,2025-08-22,1,NA,NA,NA,NA,NA,NA
pers_568093,6_travels,count_499467,2025-08-31,1,3,2,-25,-111,-22,91
pers_464459,6_travels,count_625756,2025-09-03,2,0,3,33,-41,-25,-111
pers_464459,6_travels,count_499467,2025-09-10,4,3,2,-25,-111,-22,91
pers_635665,6_travels,count_499467,2025-09-12,4,3,2,-25,-111,-22,91
pers_568093,6_travels,count_561157,2025-10-01,1,2,0,-22,91,33,-41
pers_635665,6_travels,count_561157,2025-10-02,6,2,0,-22,91,33,-41
pers_570284,6_travels,count_509607,2025-10-16,1,5,4,22,156,1,-165
pers_643925,6_travels,count_625756,2025-10-22,3,4,3,1,-165,-25,-111
pers_649553,6_travels,count_625756,2025-10-23,1,4,3,1,-165,-25,-111
pers_570284,6_travels,count_625756,2025-11-03,4,4,3,1,-165,-25,-111
pers_643925,6_travels,count_509607,2025-11-06,4,5,4,22,156,1,-165
pers_649553,6_travels,count_509607,2025-11-08,2,5,4,22,156,1,-165
pers_570284,6_travels,count_616453,2025-11-23,2,0,5,33,-41,22,156
pers_649553,6_travels,count_616453,2025-11-27,6,0,5,33,-41,22,156
pers_570284,6_travels,count_561157,2025-11-28,6,3,0,-25,-111,33,-41
pers_643925,6_travels,count_561157,2025-11-29,5,3,0,-25,-111,33,-41
pers_598006,6_travels,count_657173,2025-12-12,1,5,1,22,156,-29,-13
pers_612711,6_travels,count_561157,2025-12-15,1,1,0,-29,-13,33,-41
pers_598006,6_travels,count_561157,2025-12-19,3,1,0,-29,-13,33,-41
pers_643411,6_travels,count_561157,2025-12-31,1,1,0,-29,-13,33,-41
pers_610497,5_financial,Tobacco,2026-01-01,271.92,NA,NA,NA,NA,NA,NA
pers_610497,5_financial,Rented dwellings,2026-01-01,961.13,NA,NA,NA,NA,NA,NA
pers_610497,5_financial,Money income before taxes,2026-01-01,-3704.63,NA,NA,NA,NA,NA,NA
pers_610497,5_financial,Personal insurance and pensions,2026-01-01,2020.36,NA,NA,NA,NA,NA,NA
pers_610497,5_financial,Alcohol,2026-01-01,164.35,NA,NA,NA,NA,NA,NA
pers_610497,5_financial,Water and other public services,2026-01-01,516.88,NA,NA,NA,NA,NA,NA
pers_610497,5_financial,Groceries,2026-01-01,707.62,NA,NA,NA,NA,NA,NA
pers_610497,5_financial,Electricity,2026-01-01,382.9,NA,NA,NA,NA,NA,NA
pers_610497,5_financial,Lodging away from home,2026-01-01,299.92,NA,NA,NA,NA,NA,NA
pers_610497,5_financial,Housekeeping supplies,2026-01-01,476.32,NA,NA,NA,NA,NA,NA
pers_610497,5_financial,Restaurants,2026-01-01,191.06,NA,NA,NA,NA,NA,NA
pers_610497,5_financial,Telephone services,2026-01-01,180.33,NA,NA,NA,NA,NA,NA
pers_610497,5_financial,Apparel and services,2026-01-01,365.16,NA,NA,NA,NA,NA,NA
pers_610497,5_financial,Miscellaneous,2026-01-01,1626.32,NA,NA,NA,NA,NA,NA
pers_610497,5_financial,Personal care products and services,2026-01-01,196.78,NA,NA,NA,NA,NA,NA
pers_610497,5_financial,Household furnishings,2026-01-01,91.95,NA,NA,NA,NA,NA,NA
pers_610497,5_financial,Personal taxes,2026-01-01,119.2,NA,NA,NA,NA,NA,NA
pers_610497,5_financial,Transportation,2026-01-01,3200.7,NA,NA,NA,NA,NA,NA
pers_578531,5_financial,Tobacco,2026-01-01,127.15,NA,NA,NA,NA,NA,NA
pers_578531,5_financial,Natural gas,2026-01-01,794.95,NA,NA,NA,NA,NA,NA
pers_578531,5_financial,Rented dwellings,2026-01-01,5216.01,NA,NA,NA,NA,NA,NA
pers_578531,5_financial,Gifts,2026-01-01,-535.49,NA,NA,NA,NA,NA,NA
pers_578531,5_financial,Money income before taxes,2026-01-01,-44432.6,NA,NA,NA,NA,NA,NA
pers_578531,5_financial,Personal insurance and pensions,2026-01-01,4032.44,NA,NA,NA,NA,NA,NA
pers_578531,5_financial,Alcohol,2026-01-01,112.79,NA,NA,NA,NA,NA,NA
pers_578531,5_financial,Water and other public services,2026-01-01,564.37,NA,NA,NA,NA,NA,NA
pers_578531,5_financial,Groceries,2026-01-01,3687.96,NA,NA,NA,NA,NA,NA
pers_578531,5_financial,Electricity,2026-01-01,604.91,NA,NA,NA,NA,NA,NA
pers_578531,5_financial,Entertainment,2026-01-01,1122.89,NA,NA,NA,NA,NA,NA
pers_578531,5_financial,Lodging away from home,2026-01-01,1464.95,NA,NA,NA,NA,NA,NA
pers_578531,5_financial,Education,2026-01-01,4967.63,NA,NA,NA,NA,NA,NA
pers_578531,5_financial,Housekeeping supplies,2026-01-01,951.82,NA,NA,NA,NA,NA,NA
pers_578531,5_financial,Restaurants,2026-01-01,1875.25,NA,NA,NA,NA,NA,NA
pers_578531,5_financial,Telephone services,2026-01-01,765.2,NA,NA,NA,NA,NA,NA
pers_578531,5_financial,Apparel and services,2026-01-01,94.12,NA,NA,NA,NA,NA,NA
pers_578531,5_financial,Household operations,2026-01-01,842.49,NA,NA,NA,NA,NA,NA
pers_578531,5_financial,Miscellaneous,2026-01-01,2131.32,NA,NA,NA,NA,NA,NA
pers_578531,5_financial,Personal care products and services,2026-01-01,779.39,NA,NA,NA,NA,NA,NA
pers_578531,5_financial,Household furnishings,2026-01-01,979.19,NA,NA,NA,NA,NA,NA
pers_578531,5_financial,Personal taxes,2026-01-01,6814.56,NA,NA,NA,NA,NA,NA
pers_578531,5_financial,Transportation,2026-01-01,3994.14,NA,NA,NA,NA,NA,NA
pers_578531,5_financial,Mortgage payments,2026-01-01,1367.71,NA,NA,NA,NA,NA,NA
pers_657076,5_financial,Tobacco,2026-01-01,983.51,NA,NA,NA,NA,NA,NA
pers_657076,5_financial,Rented dwellings,2026-01-01,4887.83,NA,NA,NA,NA,NA,NA
pers_657076,5_financial,Money income before taxes,2026-01-01,-36157.5,NA,NA,NA,NA,NA,NA
pers_657076,5_financial,Alcohol,2026-01-01,384.3,NA,NA,NA,NA,NA,NA
pers_657076,5_financial,Water and other public services,2026-01-01,595.71,NA,NA,NA,NA,NA,NA
pers_657076,5_financial,Groceries,2026-01-01,2596.98,NA,NA,NA,NA,NA,NA
pers_657076,5_financial,Electricity,2026-01-01,458.72,NA,NA,NA,NA,NA,NA
pers_657076,5_financial,Lodging away from home,2026-01-01,1950.69,NA,NA,NA,NA,NA,NA
pers_657076,5_financial,Housekeeping supplies,2026-01-01,530.82,NA,NA,NA,NA,NA,NA
pers_657076,5_financial,Restaurants,2026-01-01,1922.91,NA,NA,NA,NA,NA,NA
pers_657076,5_financial,Telephone services,2026-01-01,501.28,NA,NA,NA,NA,NA,NA
pers_657076,5_financial,Apparel and services,2026-01-01,1384.47,NA,NA,NA,NA,NA,NA
pers_657076,5_financial,Household operations,2026-01-01,719.92,NA,NA,NA,NA,NA,NA
pers_657076,5_financial,Miscellaneous,2026-01-01,180.6,NA,NA,NA,NA,NA,NA
pers_657076,5_financial,Household furnishings,2026-01-01,242.37,NA,NA,NA,NA,NA,NA
pers_657076,5_financial,Personal taxes,2026-01-01,5823.53,NA,NA,NA,NA,NA,NA
pers_657076,5_financial,Transportation,2026-01-01,7256.03,NA,NA,NA,NA,NA,NA
pers_657076,5_financial,Mortgage payments,2026-01-01,1257.76,NA,NA,NA,NA,NA,NA
pers_478754,5_financial,Rented dwellings,2026-01-01,6376.02,NA,NA,NA,NA,NA,NA
pers_478754,5_financial,Gifts,2026-01-01,-197.45,NA,NA,NA,NA,NA,NA
pers_478754,5_financial,Money income before taxes,2026-01-01,-29465.3,NA,NA,NA,NA,NA,NA
pers_478754,5_financial,Alcohol,2026-01-01,334,NA,NA,NA,NA,NA,NA
pers_478754,5_financial,Water and other public services,2026-01-01,546.44,NA,NA,NA,NA,NA,NA
pers_478754,5_financial,Groceries,2026-01-01,1567.57,NA,NA,NA,NA,NA,NA
pers_478754,5_financial,Electricity,2026-01-01,1232.64,NA,NA,NA,NA,NA,NA
pers_478754,5_financial,Lodging away from home,2026-01-01,1763.76,NA,NA,NA,NA,NA,NA
pers_478754,5_financial,Education,2026-01-01,179.32,NA,NA,NA,NA,NA,NA
pers_478754,5_financial,Restaurants,2026-01-01,904.42,NA,NA,NA,NA,NA,NA
pers_478754,5_financial,Apparel and services,2026-01-01,671.78,NA,NA,NA,NA,NA,NA
pers_478754,5_financial,Household operations,2026-01-01,885.78,NA,NA,NA,NA,NA,NA
pers_478754,5_financial,Reading,2026-01-01,132.51,NA,NA,NA,NA,NA,NA
pers_478754,5_financial,Personal care products and services,2026-01-01,105.23,NA,NA,NA,NA,NA,NA
pers_478754,5_financial,Household furnishings,2026-01-01,2312.74,NA,NA,NA,NA,NA,NA
pers_478754,5_financial,Personal taxes,2026-01-01,2277.9,NA,NA,NA,NA,NA,NA
pers_478754,5_financial,Mortgage payments,2026-01-01,611.39,NA,NA,NA,NA,NA,NA
pers_575295,5_financial,Rented dwellings,2026-01-01,1131.09,NA,NA,NA,NA,NA,NA
pers_575295,5_financial,Money income before taxes,2026-01-01,-25163.8,NA,NA,NA,NA,NA,NA
pers_575295,5_financial,Alcohol,2026-01-01,516.47,NA,NA,NA,NA,NA,NA
pers_575295,5_financial,Water and other public services,2026-01-01,173.64,NA,NA,NA,NA,NA,NA
pers_575295,5_financial,Groceries,2026-01-01,1609.94,NA,NA,NA,NA,NA,NA
pers_575295,5_financial,Electricity,2026-01-01,429.42,NA,NA,NA,NA,NA,NA
pers_575295,5_financial,Education,2026-01-01,2117.18,NA,NA,NA,NA,NA,NA
pers_575295,5_financial,Housekeeping supplies,2026-01-01,277.44,NA,NA,NA,NA,NA,NA
pers_575295,5_financial,Restaurants,2026-01-01,1211.81,NA,NA,NA,NA,NA,NA
pers_575295,5_financial,Donations,2026-01-01,1191.34,NA,NA,NA,NA,NA,NA
pers_575295,5_financial,Apparel and services,2026-01-01,2.91,NA,NA,NA,NA,NA,NA
pers_575295,5_financial,Household operations,2026-01-01,280.94,NA,NA,NA,NA,NA,NA
pers_575295,5_financial,Reading,2026-01-01,60.24,NA,NA,NA,NA,NA,NA
pers_575295,5_financial,Personal care products and services,2026-01-01,281.97,NA,NA,NA,NA,NA,NA
pers_575295,5_financial,Household furnishings,2026-01-01,2150.02,NA,NA,NA,NA,NA,NA
pers_575295,5_financial,Personal taxes,2026-01-01,1213.18,NA,NA,NA,NA,NA,NA
pers_575295,5_financial,Transportation,2026-01-01,5529.22,NA,NA,NA,NA,NA,NA
pers_575295,5_financial,Mortgage payments,2026-01-01,1638.18,NA,NA,NA,NA,NA,NA
pers_568284,5_financial,Rented dwellings,2026-01-01,5053.94,NA,NA,NA,NA,NA,NA
pers_568284,5_financial,Money income before taxes,2026-01-01,-7039.65,NA,NA,NA,NA,NA,NA
pers_568284,5_financial,Personal insurance and pensions,2026-01-01,1147.37,NA,NA,NA,NA,NA,NA
pers_568284,5_financial,Alcohol,2026-01-01,285.7,NA,NA,NA,NA,NA,NA
pers_568284,5_financial,Water and other public services,2026-01-01,267.45,NA,NA,NA,NA,NA,NA
pers_568284,5_financial,Groceries,2026-01-01,3054.32,NA,NA,NA,NA,NA,NA
pers_568284,5_financial,Electricity,2026-01-01,701.36,NA,NA,NA,NA,NA,NA
pers_568284,5_financial,Lodging away from home,2026-01-01,369.91,NA,NA,NA,NA,NA,NA
pers_568284,5_financial,Education,2026-01-01,279.83,NA,NA,NA,NA,NA,NA
pers_568284,5_financial,Housekeeping supplies,2026-01-01,141.32,NA,NA,NA,NA,NA,NA
pers_568284,5_financial,Restaurants,2026-01-01,584.34,NA,NA,NA,NA,NA,NA
pers_568284,5_financial,Donations,2026-01-01,1772.19,NA,NA,NA,NA,NA,NA
pers_568284,5_financial,Apparel and services,2026-01-01,955.54,NA,NA,NA,NA,NA,NA
pers_568284,5_financial,Household operations,2026-01-01,818.09,NA,NA,NA,NA,NA,NA
pers_568284,5_financial,Miscellaneous,2026-01-01,2456.28,NA,NA,NA,NA,NA,NA
pers_568284,5_financial,Reading,2026-01-01,92.37,NA,NA,NA,NA,NA,NA
pers_568284,5_financial,Personal care products and services,2026-01-01,439.2,NA,NA,NA,NA,NA,NA
pers_568284,5_financial,Household furnishings,2026-01-01,3084.78,NA,NA,NA,NA,NA,NA
pers_568284,5_financial,Personal taxes,2026-01-01,164.3,NA,NA,NA,NA,NA,NA
pers_568284,5_financial,Transportation,2026-01-01,3861.34,NA,NA,NA,NA,NA,NA
pers_568284,5_financial,Mortgage payments,2026-01-01,817.27,NA,NA,NA,NA,NA,NA
pers_508898,5_financial,Natural gas,2026-01-01,1437.55,NA,NA,NA,NA,NA,NA
pers_508898,5_financial,Rented dwellings,2026-01-01,7216.68,NA,NA,NA,NA,NA,NA
pers_508898,5_financial,Gifts,2026-01-01,-2664.62,NA,NA,NA,NA,NA,NA
pers_508898,5_financial,Money income before taxes,2026-01-01,-50214.1,NA,NA,NA,NA,NA,NA
pers_508898,5_financial,Personal insurance and pensions,2026-01-01,5377.2,NA,NA,NA,NA,NA,NA
pers_508898,5_financial,Alcohol,2026-01-01,73.45,NA,NA,NA,NA,NA,NA
pers_508898,5_financial,Water and other public services,2026-01-01,624.98,NA,NA,NA,NA,NA,NA
pers_508898,5_financial,Groceries,2026-01-01,2939.52,NA,NA,NA,NA,NA,NA
pers_508898,5_financial,Electricity,2026-01-01,1068.85,NA,NA,NA,NA,NA,NA
pers_508898,5_financial,Lodging away from home,2026-01-01,2951.76,NA,NA,NA,NA,NA,NA
pers_508898,5_financial,Housekeeping supplies,2026-01-01,1414.3,NA,NA,NA,NA,NA,NA
pers_508898,5_financial,Restaurants,2026-01-01,3035.49,NA,NA,NA,NA,NA,NA
pers_508898,5_financial,Telephone services,2026-01-01,384,NA,NA,NA,NA,NA,NA
pers_508898,5_financial,Donations,2026-01-01,1272.62,NA,NA,NA,NA,NA,NA
pers_508898,5_financial,Household operations,2026-01-01,187.12,NA,NA,NA,NA,NA,NA
pers_508898,5_financial,Miscellaneous,2026-01-01,3744.72,NA,NA,NA,NA,NA,NA
pers_508898,5_financial,Household furnishings,2026-01-01,1245.58,NA,NA,NA,NA,NA,NA
pers_508898,5_financial,Personal taxes,2026-01-01,13481.8,NA,NA,NA,NA,NA,NA
pers_508898,5_financial,Transportation,2026-01-01,19974,NA,NA,NA,NA,NA,NA
pers_508898,5_financial,Mortgage payments,2026-01-01,1053.33,NA,NA,NA,NA,NA,NA
pers_538892,5_financial,Gifts,2026-01-01,-612.53,NA,NA,NA,NA,NA,NA
pers_538892,5_financial,Money income before taxes,2026-01-01,-7866.03,NA,NA,NA,NA,NA,NA
pers_538892,5_financial,Personal insurance and pensions,2026-01-01,804.6,NA,NA,NA,NA,NA,NA
pers_538892,5_financial,Alcohol,2026-01-01,66.56,NA,NA,NA,NA,NA,NA
pers_538892,5_financial,Water and other public services,2026-01-01,206.85,NA,NA,NA,NA,NA,NA
pers_538892,5_financial,Groceries,2026-01-01,2929.23,NA,NA,NA,NA,NA,NA
pers_538892,5_financial,Electricity,2026-01-01,411.67,NA,NA,NA,NA,NA,NA
pers_538892,5_financial,Lodging away from home,2026-01-01,1336.5,NA,NA,NA,NA,NA,NA
pers_538892,5_financial,Education,2026-01-01,2087.94,NA,NA,NA,NA,NA,NA
pers_538892,5_financial,Housekeeping supplies,2026-01-01,115.09,NA,NA,NA,NA,NA,NA
pers_538892,5_financial,Restaurants,2026-01-01,318.53,NA,NA,NA,NA,NA,NA
pers_538892,5_financial,Telephone services,2026-01-01,287.96,NA,NA,NA,NA,NA,NA
pers_538892,5_financial,Household operations,2026-01-01,1700.68,NA,NA,NA,NA,NA,NA
pers_538892,5_financial,Personal care products and services,2026-01-01,232.76,NA,NA,NA,NA,NA,NA
pers_538892,5_financial,Household furnishings,2026-01-01,397.53,NA,NA,NA,NA,NA,NA
pers_538892,5_financial,Personal taxes,2026-01-01,-1256.32,NA,NA,NA,NA,NA,NA
pers_538892,5_financial,Transportation,2026-01-01,2011.04,NA,NA,NA,NA,NA,NA
pers_538892,5_financial,Mortgage payments,2026-01-01,7084.51,NA,NA,NA,NA,NA,NA
pers_572391,5_financial,Gifts,2026-01-01,-323.44,NA,NA,NA,NA,NA,NA
pers_572391,5_financial,Money income before taxes,2026-01-01,-9063.18,NA,NA,NA,NA,NA,NA
pers_572391,5_financial,Personal insurance and pensions,2026-01-01,593.37,NA,NA,NA,NA,NA,NA
pers_572391,5_financial,Alcohol,2026-01-01,377.58,NA,NA,NA,NA,NA,NA
pers_572391,5_financial,Water and other public services,2026-01-01,330.92,NA,NA,NA,NA,NA,NA
pers_572391,5_financial,Groceries,2026-01-01,642.73,NA,NA,NA,NA,NA,NA
pers_572391,5_financial,Electricity,2026-01-01,288.38,NA,NA,NA,NA,NA,NA
pers_572391,5_financial,Lodging away from home,2026-01-01,1117.58,NA,NA,NA,NA,NA,NA
pers_572391,5_financial,Education,2026-01-01,619.38,NA,NA,NA,NA,NA,NA
pers_572391,5_financial,Housekeeping supplies,2026-01-01,315.44,NA,NA,NA,NA,NA,NA
pers_572391,5_financial,Telephone services,2026-01-01,140.14,NA,NA,NA,NA,NA,NA
pers_572391,5_financial,Apparel and services,2026-01-01,253.64,NA,NA,NA,NA,NA,NA
pers_572391,5_financial,Miscellaneous,2026-01-01,1960.88,NA,NA,NA,NA,NA,NA
pers_572391,5_financial,Personal care products and services,2026-01-01,214.29,NA,NA,NA,NA,NA,NA
pers_572391,5_financial,Household furnishings,2026-01-01,787.03,NA,NA,NA,NA,NA,NA
pers_572391,5_financial,Personal taxes,2026-01-01,-1472.17,NA,NA,NA,NA,NA,NA
pers_572391,5_financial,Transportation,2026-01-01,7690.99,NA,NA,NA,NA,NA,NA
pers_572391,5_financial,Mortgage payments,2026-01-01,3433.52,NA,NA,NA,NA,NA,NA
pers_542965,5_financial,Money income before taxes,2026-01-01,-14865.8,NA,NA,NA,NA,NA,NA
pers_542965,5_financial,Personal insurance and pensions,2026-01-01,1031.52,NA,NA,NA,NA,NA,NA
pers_542965,5_financial,Alcohol,2026-01-01,149.53,NA,NA,NA,NA,NA,NA
pers_542965,5_financial,Water and other public services,2026-01-01,737.83,NA,NA,NA,NA,NA,NA
pers_542965,5_financial,Groceries,2026-01-01,3375.37,NA,NA,NA,NA,NA,NA
pers_542965,5_financial,Electricity,2026-01-01,177.36,NA,NA,NA,NA,NA,NA
pers_542965,5_financial,Lodging away from home,2026-01-01,232.68,NA,NA,NA,NA,NA,NA
pers_542965,5_financial,Housekeeping supplies,2026-01-01,136.94,NA,NA,NA,NA,NA,NA
pers_542965,5_financial,Restaurants,2026-01-01,1100.57,NA,NA,NA,NA,NA,NA
pers_542965,5_financial,Telephone services,2026-01-01,613.8,NA,NA,NA,NA,NA,NA
pers_542965,5_financial,Donations,2026-01-01,1637.51,NA,NA,NA,NA,NA,NA
pers_542965,5_financial,Apparel and services,2026-01-01,1420.57,NA,NA,NA,NA,NA,NA
pers_542965,5_financial,Household operations,2026-01-01,415.8,NA,NA,NA,NA,NA,NA
pers_542965,5_financial,Reading,2026-01-01,210.09,NA,NA,NA,NA,NA,NA
pers_542965,5_financial,Personal care products and services,2026-01-01,373.32,NA,NA,NA,NA,NA,NA
pers_542965,5_financial,Household furnishings,2026-01-01,310.96,NA,NA,NA,NA,NA,NA
pers_542965,5_financial,Personal taxes,2026-01-01,804.21,NA,NA,NA,NA,NA,NA
pers_542965,5_financial,Transportation,2026-01-01,8413.6,NA,NA,NA,NA,NA,NA
pers_542965,5_financial,Mortgage payments,2026-01-01,798.15,NA,NA,NA,NA,NA,NA
pers_536951,5_financial,Natural gas,2026-01-01,1252.81,NA,NA,NA,NA,NA,NA
pers_536951,5_financial,Money income before taxes,2026-01-01,-5234.64,NA,NA,NA,NA,NA,NA
pers_536951,5_financial,Personal insurance and pensions,2026-01-01,4019.67,NA,NA,NA,NA,NA,NA
pers_536951,5_financial,Alcohol,2026-01-01,507.47,NA,NA,NA,NA,NA,NA
pers_536951,5_financial,Water and other public services,2026-01-01,200.63,NA,NA,NA,NA,NA,NA
pers_536951,5_financial,Groceries,2026-01-01,1391.04,NA,NA,NA,NA,NA,NA
pers_536951,5_financial,Electricity,2026-01-01,620.27,NA,NA,NA,NA,NA,NA
pers_536951,5_financial,Lodging away from home,2026-01-01,449.32,NA,NA,NA,NA,NA,NA
pers_536951,5_financial,Education,2026-01-01,2552.28,NA,NA,NA,NA,NA,NA
pers_536951,5_financial,Housekeeping supplies,2026-01-01,421.71,NA,NA,NA,NA,NA,NA
pers_536951,5_financial,Restaurants,2026-01-01,475.36,NA,NA,NA,NA,NA,NA
pers_536951,5_financial,Telephone services,2026-01-01,394.63,NA,NA,NA,NA,NA,NA
pers_536951,5_financial,Donations,2026-01-01,954.38,NA,NA,NA,NA,NA,NA
pers_536951,5_financial,Apparel and services,2026-01-01,2141.56,NA,NA,NA,NA,NA,NA
pers_536951,5_financial,Household operations,2026-01-01,1414.94,NA,NA,NA,NA,NA,NA
pers_536951,5_financial,Miscellaneous,2026-01-01,3296.54,NA,NA,NA,NA,NA,NA
pers_536951,5_financial,Household furnishings,2026-01-01,221.54,NA,NA,NA,NA,NA,NA
pers_536951,5_financial,Personal taxes,2026-01-01,1187.43,NA,NA,NA,NA,NA,NA
pers_536951,5_financial,Transportation,2026-01-01,4620.27,NA,NA,NA,NA,NA,NA
pers_466976,5_financial,Money income before taxes,2026-01-01,-38019.8,NA,NA,NA,NA,NA,NA
pers_466976,5_financial,Alcohol,2026-01-01,640.95,NA,NA,NA,NA,NA,NA
pers_466976,5_financial,Water and other public services,2026-01-01,2249.28,NA,NA,NA,NA,NA,NA
pers_466976,5_financial,Groceries,2026-01-01,7533.16,NA,NA,NA,NA,NA,NA
pers_466976,5_financial,Electricity,2026-01-01,576.32,NA,NA,NA,NA,NA,NA
pers_466976,5_financial,Lodging away from home,2026-01-01,3435.72,NA,NA,NA,NA,NA,NA
pers_466976,5_financial,Education,2026-01-01,3963.81,NA,NA,NA,NA,NA,NA
pers_466976,5_financial,Housekeeping supplies,2026-01-01,848.82,NA,NA,NA,NA,NA,NA
pers_466976,5_financial,Restaurants,2026-01-01,3202.79,NA,NA,NA,NA,NA,NA
pers_466976,5_financial,Household operations,2026-01-01,1652.08,NA,NA,NA,NA,NA,NA
pers_466976,5_financial,Miscellaneous,2026-01-01,5169.73,NA,NA,NA,NA,NA,NA
pers_466976,5_financial,Reading,2026-01-01,168.32,NA,NA,NA,NA,NA,NA
pers_466976,5_financial,Personal care products and services,2026-01-01,723.89,NA,NA,NA,NA,NA,NA
pers_466976,5_financial,Household furnishings,2026-01-01,7146.89,NA,NA,NA,NA,NA,NA
pers_466976,5_financial,Personal taxes,2026-01-01,248.9,NA,NA,NA,NA,NA,NA
pers_466976,5_financial,Transportation,2026-01-01,5749.62,NA,NA,NA,NA,NA,NA
pers_466976,5_financial,Mortgage payments,2026-01-01,3816.99,NA,NA,NA,NA,NA,NA
pers_607386,5_financial,Gifts,2026-01-01,-915.56,NA,NA,NA,NA,NA,NA
pers_607386,5_financial,Money income before taxes,2026-01-01,-67455.8,NA,NA,NA,NA,NA,NA
pers_607386,5_financial,Personal insurance and pensions,2026-01-01,3985.69,NA,NA,NA,NA,NA,NA
pers_607386,5_financial,Alcohol,2026-01-01,352.43,NA,NA,NA,NA,NA,NA
pers_607386,5_financial,Water and other public services,2026-01-01,174.81,NA,NA,NA,NA,NA,NA
pers_607386,5_financial,Groceries,2026-01-01,5638.62,NA,NA,NA,NA,NA,NA
pers_607386,5_financial,Electricity,2026-01-01,2396.91,NA,NA,NA,NA,NA,NA
pers_607386,5_financial,Lodging away from home,2026-01-01,622.79,NA,NA,NA,NA,NA,NA
pers_607386,5_financial,Housekeeping supplies,2026-01-01,170.71,NA,NA,NA,NA,NA,NA
pers_607386,5_financial,Restaurants,2026-01-01,4129.17,NA,NA,NA,NA,NA,NA
pers_607386,5_financial,Telephone services,2026-01-01,790.97,NA,NA,NA,NA,NA,NA
pers_607386,5_financial,Donations,2026-01-01,618.59,NA,NA,NA,NA,NA,NA
pers_607386,5_financial,Household operations,2026-01-01,2377.76,NA,NA,NA,NA,NA,NA
pers_607386,5_financial,Miscellaneous,2026-01-01,6084.53,NA,NA,NA,NA,NA,NA
pers_607386,5_financial,Personal care products and services,2026-01-01,347.93,NA,NA,NA,NA,NA,NA
pers_607386,5_financial,Household furnishings,2026-01-01,3632.97,NA,NA,NA,NA,NA,NA
pers_607386,5_financial,Personal taxes,2026-01-01,-601.22,NA,NA,NA,NA,NA,NA
pers_607386,5_financial,Transportation,2026-01-01,18698.1,NA,NA,NA,NA,NA,NA
pers_607386,5_financial,Mortgage payments,2026-01-01,2016.27,NA,NA,NA,NA,NA,NA
pers_628223,5_financial,Natural gas,2026-01-01,2582.67,NA,NA,NA,NA,NA,NA
pers_628223,5_financial,Rented dwellings,2026-01-01,8091.25,NA,NA,NA,NA,NA,NA
pers_628223,5_financial,Gifts,2026-01-01,-1129.49,NA,NA,NA,NA,NA,NA
pers_628223,5_financial,Money income before taxes,2026-01-01,-86251.6,NA,NA,NA,NA,NA,NA
pers_628223,5_financial,Personal insurance and pensions,2026-01-01,9336.13,NA,NA,NA,NA,NA,NA
pers_628223,5_financial,Alcohol,2026-01-01,576.14,NA,NA,NA,NA,NA,NA
pers_628223,5_financial,Water and other public services,2026-01-01,978.47,NA,NA,NA,NA,NA,NA
pers_628223,5_financial,Groceries,2026-01-01,8384.06,NA,NA,NA,NA,NA,NA
pers_628223,5_financial,Electricity,2026-01-01,1096.37,NA,NA,NA,NA,NA,NA
pers_628223,5_financial,Entertainment,2026-01-01,1846.53,NA,NA,NA,NA,NA,NA
pers_628223,5_financial,Housekeeping supplies,2026-01-01,948.57,NA,NA,NA,NA,NA,NA
pers_628223,5_financial,Restaurants,2026-01-01,4632.3,NA,NA,NA,NA,NA,NA
pers_628223,5_financial,Telephone services,2026-01-01,30.83,NA,NA,NA,NA,NA,NA
pers_628223,5_financial,Donations,2026-01-01,3739.59,NA,NA,NA,NA,NA,NA
pers_628223,5_financial,Household operations,2026-01-01,4394.98,NA,NA,NA,NA,NA,NA
pers_628223,5_financial,Miscellaneous,2026-01-01,7443.2,NA,NA,NA,NA,NA,NA
pers_628223,5_financial,Reading,2026-01-01,304.78,NA,NA,NA,NA,NA,NA
pers_628223,5_financial,Personal care products and services,2026-01-01,520.28,NA,NA,NA,NA,NA,NA
pers_628223,5_financial,Household furnishings,2026-01-01,6636.04,NA,NA,NA,NA,NA,NA
pers_628223,5_financial,Personal taxes,2026-01-01,4485.42,NA,NA,NA,NA,NA,NA
pers_628223,5_financial,Transportation,2026-01-01,19153.4,NA,NA,NA,NA,NA,NA
pers_628223,5_financial,Mortgage payments,2026-01-01,1117.73,NA,NA,NA,NA,NA,NA
pers_516236,5_financial,Rented dwellings,2026-01-01,39291.8,NA,NA,NA,NA,NA,NA
pers_516236,5_financial,Gifts,2026-01-01,-6908.27,NA,NA,NA,NA,NA,NA
pers_516236,5_financial,Money income before taxes,2026-01-01,-159997,NA,NA,NA,NA,NA,NA
pers_516236,5_financial,Personal insurance and pensions,2026-01-01,32142.3,NA,NA,NA,NA,NA,NA
pers_516236,5_financial,Alcohol,2026-01-01,713.06,NA,NA,NA,NA,NA,NA
pers_516236,5_financial,Water and other public services,2026-01-01,1904.74,NA,NA,NA,NA,NA,NA
pers_516236,5_financial,Groceries,2026-01-01,1406.81,NA,NA,NA,NA,NA,NA
pers_516236,5_financial,Electricity,2026-01-01,1929.22,NA,NA,NA,NA,NA,NA
pers_516236,5_financial,Lodging away from home,2026-01-01,6938.77,NA,NA,NA,NA,NA,NA
pers_516236,5_financial,Housekeeping supplies,2026-01-01,5302.1,NA,NA,NA,NA,NA,NA
pers_516236,5_financial,Restaurants,2026-01-01,2618.5,NA,NA,NA,NA,NA,NA
pers_516236,5_financial,Telephone services,2026-01-01,8956.1,NA,NA,NA,NA,NA,NA
pers_516236,5_financial,Donations,2026-01-01,11185.4,NA,NA,NA,NA,NA,NA
pers_516236,5_financial,Apparel and services,2026-01-01,4836.31,NA,NA,NA,NA,NA,NA
pers_516236,5_financial,Miscellaneous,2026-01-01,2574.66,NA,NA,NA,NA,NA,NA
pers_516236,5_financial,Reading,2026-01-01,280.38,NA,NA,NA,NA,NA,NA
pers_516236,5_financial,Personal care products and services,2026-01-01,353.31,NA,NA,NA,NA,NA,NA
pers_516236,5_financial,Household furnishings,2026-01-01,2489.02,NA,NA,NA,NA,NA,NA
pers_516236,5_financial,Personal taxes,2026-01-01,146800,NA,NA,NA,NA,NA,NA
pers_516236,5_financial,Transportation,2026-01-01,41464.4,NA,NA,NA,NA,NA,NA
pers_516236,5_financial,Mortgage payments,2026-01-01,47400,NA,NA,NA,NA,NA,NA
pers_492701,5_financial,Natural gas,2026-01-01,1399.05,NA,NA,NA,NA,NA,NA
pers_492701,5_financial,Rented dwellings,2026-01-01,9335.04,NA,NA,NA,NA,NA,NA
pers_492701,5_financial,Home maintenance,2026-01-01,6111.55,NA,NA,NA,NA,NA,NA
pers_492701,5_financial,Healthcare,2026-01-01,4744.49,NA,NA,NA,NA,NA,NA
pers_492701,5_financial,Money income before taxes,2026-01-01,-39167.1,NA,NA,NA,NA,NA,NA
pers_492701,5_financial,Alcohol,2026-01-01,170.12,NA,NA,NA,NA,NA,NA
pers_492701,5_financial,Water and other public services,2026-01-01,1819.6,NA,NA,NA,NA,NA,NA
pers_492701,5_financial,Groceries,2026-01-01,8665.54,NA,NA,NA,NA,NA,NA
pers_492701,5_financial,Electricity,2026-01-01,1433.99,NA,NA,NA,NA,NA,NA
pers_492701,5_financial,Lodging away from home,2026-01-01,4463.25,NA,NA,NA,NA,NA,NA
pers_492701,5_financial,Restaurants,2026-01-01,2261.47,NA,NA,NA,NA,NA,NA
pers_492701,5_financial,Donations,2026-01-01,3006.51,NA,NA,NA,NA,NA,NA
pers_492701,5_financial,Apparel and services,2026-01-01,3052.63,NA,NA,NA,NA,NA,NA
pers_492701,5_financial,Household operations,2026-01-01,2193.96,NA,NA,NA,NA,NA,NA
pers_492701,5_financial,Reading,2026-01-01,251.9,NA,NA,NA,NA,NA,NA
pers_492701,5_financial,Property taxes,2026-01-01,2367.25,NA,NA,NA,NA,NA,NA
pers_492701,5_financial,Personal care products and services,2026-01-01,532.37,NA,NA,NA,NA,NA,NA
pers_492701,5_financial,Household furnishings,2026-01-01,612.6,NA,NA,NA,NA,NA,NA
pers_492701,5_financial,Personal taxes,2026-01-01,4436.3,NA,NA,NA,NA,NA,NA
pers_492701,5_financial,Transportation,2026-01-01,16279.8,NA,NA,NA,NA,NA,NA
pers_584736,5_financial,Rented dwellings,2026-01-01,19167.7,NA,NA,NA,NA,NA,NA
pers_584736,5_financial,Money income before taxes,2026-01-01,-134196,NA,NA,NA,NA,NA,NA
pers_584736,5_financial,Personal insurance and pensions,2026-01-01,26846.9,NA,NA,NA,NA,NA,NA
pers_584736,5_financial,Alcohol,2026-01-01,494.71,NA,NA,NA,NA,NA,NA
pers_584736,5_financial,Water and other public services,2026-01-01,2778.19,NA,NA,NA,NA,NA,NA
pers_584736,5_financial,Groceries,2026-01-01,7045.08,NA,NA,NA,NA,NA,NA
pers_584736,5_financial,Electricity,2026-01-01,534.07,NA,NA,NA,NA,NA,NA
pers_584736,5_financial,Lodging away from home,2026-01-01,12526.9,NA,NA,NA,NA,NA,NA
pers_584736,5_financial,Restaurants,2026-01-01,6214.69,NA,NA,NA,NA,NA,NA
pers_584736,5_financial,Telephone services,2026-01-01,1500.31,NA,NA,NA,NA,NA,NA
pers_584736,5_financial,Donations,2026-01-01,15399.5,NA,NA,NA,NA,NA,NA
pers_584736,5_financial,Apparel and services,2026-01-01,535.85,NA,NA,NA,NA,NA,NA
pers_584736,5_financial,Household operations,2026-01-01,6650.38,NA,NA,NA,NA,NA,NA
pers_584736,5_financial,Miscellaneous,2026-01-01,5190.51,NA,NA,NA,NA,NA,NA
pers_584736,5_financial,Reading,2026-01-01,117.94,NA,NA,NA,NA,NA,NA
pers_584736,5_financial,Personal care products and services,2026-01-01,1100.5,NA,NA,NA,NA,NA,NA
pers_584736,5_financial,Household furnishings,2026-01-01,8001.41,NA,NA,NA,NA,NA,NA
pers_584736,5_financial,Personal taxes,2026-01-01,11520.6,NA,NA,NA,NA,NA,NA
pers_584736,5_financial,Mortgage payments,2026-01-01,15668.2,NA,NA,NA,NA,NA,NA
pers_520084,5_financial,Tobacco,2026-01-01,1761.31,NA,NA,NA,NA,NA,NA
pers_520084,5_financial,Rented dwellings,2026-01-01,10072.2,NA,NA,NA,NA,NA,NA
pers_520084,5_financial,Home maintenance,2026-01-01,3978.84,NA,NA,NA,NA,NA,NA
pers_520084,5_financial,Gifts,2026-01-01,-2024.7,NA,NA,NA,NA,NA,NA
pers_520084,5_financial,Healthcare,2026-01-01,11179.5,NA,NA,NA,NA,NA,NA
pers_520084,5_financial,Money income before taxes,2026-01-01,-129601,NA,NA,NA,NA,NA,NA
pers_520084,5_financial,Personal insurance and pensions,2026-01-01,17907,NA,NA,NA,NA,NA,NA
pers_520084,5_financial,Alcohol,2026-01-01,522.39,NA,NA,NA,NA,NA,NA
pers_520084,5_financial,Water and other public services,2026-01-01,994.25,NA,NA,NA,NA,NA,NA
pers_520084,5_financial,Groceries,2026-01-01,2315.62,NA,NA,NA,NA,NA,NA
pers_520084,5_financial,Electricity,2026-01-01,1531.51,NA,NA,NA,NA,NA,NA
pers_520084,5_financial,Lodging away from home,2026-01-01,15080.3,NA,NA,NA,NA,NA,NA
pers_520084,5_financial,Education,2026-01-01,8845.36,NA,NA,NA,NA,NA,NA
pers_520084,5_financial,Housekeeping supplies,2026-01-01,2262.18,NA,NA,NA,NA,NA,NA
pers_520084,5_financial,Restaurants,2026-01-01,5343.67,NA,NA,NA,NA,NA,NA
pers_520084,5_financial,Telephone services,2026-01-01,2588.29,NA,NA,NA,NA,NA,NA
pers_520084,5_financial,Donations,2026-01-01,13260.7,NA,NA,NA,NA,NA,NA
pers_520084,5_financial,Household operations,2026-01-01,2230.88,NA,NA,NA,NA,NA,NA
pers_520084,5_financial,Miscellaneous,2026-01-01,16249.6,NA,NA,NA,NA,NA,NA
pers_520084,5_financial,Property taxes,2026-01-01,2347.91,NA,NA,NA,NA,NA,NA
pers_520084,5_financial,Personal care products and services,2026-01-01,2580.06,NA,NA,NA,NA,NA,NA
pers_520084,5_financial,Household furnishings,2026-01-01,530.03,NA,NA,NA,NA,NA,NA
pers_520084,5_financial,Personal taxes,2026-01-01,20358.5,NA,NA,NA,NA,NA,NA
pers_520084,5_financial,Transportation,2026-01-01,30415.8,NA,NA,NA,NA,NA,NA
pers_529433,5_financial,Tobacco,2026-01-01,3538.33,NA,NA,NA,NA,NA,NA
pers_529433,5_financial,Rented dwellings,2026-01-01,13854.7,NA,NA,NA,NA,NA,NA
pers_529433,5_financial,Home maintenance,2026-01-01,4349.74,NA,NA,NA,NA,NA,NA
pers_529433,5_financial,Gifts,2026-01-01,-1284.37,NA,NA,NA,NA,NA,NA
pers_529433,5_financial,Healthcare,2026-01-01,10862.7,NA,NA,NA,NA,NA,NA
pers_529433,5_financial,Money income before taxes,2026-01-01,-121408,NA,NA,NA,NA,NA,NA
pers_529433,5_financial,Personal insurance and pensions,2026-01-01,6540.34,NA,NA,NA,NA,NA,NA
pers_529433,5_financial,Alcohol,2026-01-01,1415.99,NA,NA,NA,NA,NA,NA
pers_529433,5_financial,Water and other public services,2026-01-01,1597.54,NA,NA,NA,NA,NA,NA
pers_529433,5_financial,Groceries,2026-01-01,1812.17,NA,NA,NA,NA,NA,NA
pers_529433,5_financial,Electricity,2026-01-01,2716.27,NA,NA,NA,NA,NA,NA
pers_529433,5_financial,Entertainment,2026-01-01,3419.82,NA,NA,NA,NA,NA,NA
pers_529433,5_financial,Lodging away from home,2026-01-01,3143.13,NA,NA,NA,NA,NA,NA
pers_529433,5_financial,Education,2026-01-01,8060.6,NA,NA,NA,NA,NA,NA
pers_529433,5_financial,Housekeeping supplies,2026-01-01,460.34,NA,NA,NA,NA,NA,NA
pers_529433,5_financial,Restaurants,2026-01-01,5167.03,NA,NA,NA,NA,NA,NA
pers_529433,5_financial,Telephone services,2026-01-01,2514.63,NA,NA,NA,NA,NA,NA
pers_529433,5_financial,Apparel and services,2026-01-01,4385.38,NA,NA,NA,NA,NA,NA
pers_529433,5_financial,Household operations,2026-01-01,684.27,NA,NA,NA,NA,NA,NA
pers_529433,5_financial,Miscellaneous,2026-01-01,210.5,NA,NA,NA,NA,NA,NA
pers_529433,5_financial,Property taxes,2026-01-01,2158.6,NA,NA,NA,NA,NA,NA
pers_529433,5_financial,Personal care products and services,2026-01-01,1017.67,NA,NA,NA,NA,NA,NA
pers_529433,5_financial,Household furnishings,2026-01-01,6453.51,NA,NA,NA,NA,NA,NA
pers_529433,5_financial,Personal taxes,2026-01-01,13393.6,NA,NA,NA,NA,NA,NA
pers_529433,5_financial,Transportation,2026-01-01,15821.9,NA,NA,NA,NA,NA,NA
pers_529433,5_financial,Mortgage payments,2026-01-01,6900.2,NA,NA,NA,NA,NA,NA
pers_493094,5_financial,Rented dwellings,2026-01-01,10157.6,NA,NA,NA,NA,NA,NA
pers_493094,5_financial,Money income before taxes,2026-01-01,-79413.8,NA,NA,NA,NA,NA,NA
pers_493094,5_financial,Personal insurance and pensions,2026-01-01,6315.32,NA,NA,NA,NA,NA,NA
pers_493094,5_financial,Alcohol,2026-01-01,1159.64,NA,NA,NA,NA,NA,NA
pers_493094,5_financial,Water and other public services,2026-01-01,1793.02,NA,NA,NA,NA,NA,NA
pers_493094,5_financial,Groceries,2026-01-01,2799.86,NA,NA,NA,NA,NA,NA
pers_493094,5_financial,Electricity,2026-01-01,1723.73,NA,NA,NA,NA,NA,NA
pers_493094,5_financial,Lodging away from home,2026-01-01,4391.21,NA,NA,NA,NA,NA,NA
pers_493094,5_financial,Education,2026-01-01,78.87,NA,NA,NA,NA,NA,NA
pers_493094,5_financial,Restaurants,2026-01-01,10214.8,NA,NA,NA,NA,NA,NA
pers_493094,5_financial,Telephone services,2026-01-01,1173.68,NA,NA,NA,NA,NA,NA
pers_493094,5_financial,Apparel and services,2026-01-01,1631.93,NA,NA,NA,NA,NA,NA
pers_493094,5_financial,Household operations,2026-01-01,4803.92,NA,NA,NA,NA,NA,NA
pers_493094,5_financial,Miscellaneous,2026-01-01,3163.52,NA,NA,NA,NA,NA,NA
pers_493094,5_financial,Reading,2026-01-01,616.21,NA,NA,NA,NA,NA,NA
pers_493094,5_financial,Household furnishings,2026-01-01,3725.96,NA,NA,NA,NA,NA,NA
pers_493094,5_financial,Personal taxes,2026-01-01,3582.65,NA,NA,NA,NA,NA,NA
pers_493094,5_financial,Mortgage payments,2026-01-01,2441.93,NA,NA,NA,NA,NA,NA
pers_604113,5_financial,Gifts,2026-01-01,-115.29,NA,NA,NA,NA,NA,NA
pers_604113,5_financial,Money income before taxes,2026-01-01,-2933.47,NA,NA,NA,NA,NA,NA
pers_604113,5_financial,Personal insurance and pensions,2026-01-01,102.25,NA,NA,NA,NA,NA,NA
pers_604113,5_financial,Alcohol,2026-01-01,153.88,NA,NA,NA,NA,NA,NA
pers_604113,5_financial,Water and other public services,2026-01-01,698.03,NA,NA,NA,NA,NA,NA
pers_604113,5_financial,Groceries,2026-01-01,926.2,NA,NA,NA,NA,NA,NA
pers_604113,5_financial,Electricity,2026-01-01,233.46,NA,NA,NA,NA,NA,NA
pers_604113,5_financial,Housekeeping supplies,2026-01-01,539.3,NA,NA,NA,NA,NA,NA
pers_604113,5_financial,Restaurants,2026-01-01,323.11,NA,NA,NA,NA,NA,NA
pers_604113,5_financial,Telephone services,2026-01-01,53.94,NA,NA,NA,NA,NA,NA
pers_604113,5_financial,Apparel and services,2026-01-01,437.88,NA,NA,NA,NA,NA,NA
pers_604113,5_financial,Household operations,2026-01-01,402.74,NA,NA,NA,NA,NA,NA
pers_604113,5_financial,Miscellaneous,2026-01-01,449.99,NA,NA,NA,NA,NA,NA
pers_604113,5_financial,Personal care products and services,2026-01-01,1.53,NA,NA,NA,NA,NA,NA
pers_604113,5_financial,Household furnishings,2026-01-01,435.11,NA,NA,NA,NA,NA,NA
pers_604113,5_financial,Personal taxes,2026-01-01,-154.55,NA,NA,NA,NA,NA,NA
pers_604113,5_financial,Mortgage payments,2026-01-01,796.54,NA,NA,NA,NA,NA,NA
pers_493652,5_financial,Gifts,2026-01-01,-735.72,NA,NA,NA,NA,NA,NA
pers_493652,5_financial,Money income before taxes,2026-01-01,-15445.8,NA,NA,NA,NA,NA,NA
pers_493652,5_financial,Personal insurance and pensions,2026-01-01,2055.58,NA,NA,NA,NA,NA,NA
pers_493652,5_financial,Alcohol,2026-01-01,142.76,NA,NA,NA,NA,NA,NA
pers_493652,5_financial,Water and other public services,2026-01-01,156.76,NA,NA,NA,NA,NA,NA
pers_493652,5_financial,Groceries,2026-01-01,1299.03,NA,NA,NA,NA,NA,NA
pers_493652,5_financial,Electricity,2026-01-01,336.29,NA,NA,NA,NA,NA,NA
pers_493652,5_financial,Education,2026-01-01,120.27,NA,NA,NA,NA,NA,NA
pers_493652,5_financial,Housekeeping supplies,2026-01-01,304.65,NA,NA,NA,NA,NA,NA
pers_493652,5_financial,Restaurants,2026-01-01,1011.58,NA,NA,NA,NA,NA,NA
pers_493652,5_financial,Donations,2026-01-01,214.43,NA,NA,NA,NA,NA,NA
pers_493652,5_financial,Apparel and services,2026-01-01,284.93,NA,NA,NA,NA,NA,NA
pers_493652,5_financial,Household operations,2026-01-01,490.95,NA,NA,NA,NA,NA,NA
pers_493652,5_financial,Miscellaneous,2026-01-01,1132,NA,NA,NA,NA,NA,NA
pers_493652,5_financial,Reading,2026-01-01,38.67,NA,NA,NA,NA,NA,NA
pers_493652,5_financial,Personal care products and services,2026-01-01,78.12,NA,NA,NA,NA,NA,NA
pers_493652,5_financial,Household furnishings,2026-01-01,1651.44,NA,NA,NA,NA,NA,NA
pers_493652,5_financial,Personal taxes,2026-01-01,1018.22,NA,NA,NA,NA,NA,NA
pers_493652,5_financial,Transportation,2026-01-01,8492.89,NA,NA,NA,NA,NA,NA
pers_493652,5_financial,Mortgage payments,2026-01-01,85.67,NA,NA,NA,NA,NA,NA
pers_544074,5_financial,Gifts,2026-01-01,-173.45,NA,NA,NA,NA,NA,NA
pers_544074,5_financial,Money income before taxes,2026-01-01,-5639.96,NA,NA,NA,NA,NA,NA
pers_544074,5_financial,Personal insurance and pensions,2026-01-01,1003.13,NA,NA,NA,NA,NA,NA
pers_544074,5_financial,Alcohol,2026-01-01,139.33,NA,NA,NA,NA,NA,NA
pers_544074,5_financial,Water and other public services,2026-01-01,259.1,NA,NA,NA,NA,NA,NA
pers_544074,5_financial,Groceries,2026-01-01,370.86,NA,NA,NA,NA,NA,NA
pers_544074,5_financial,Electricity,2026-01-01,132.61,NA,NA,NA,NA,NA,NA
pers_544074,5_financial,Lodging away from home,2026-01-01,233.7,NA,NA,NA,NA,NA,NA
pers_544074,5_financial,Education,2026-01-01,73.43,NA,NA,NA,NA,NA,NA
pers_544074,5_financial,Housekeeping supplies,2026-01-01,114.21,NA,NA,NA,NA,NA,NA
pers_544074,5_financial,Restaurants,2026-01-01,382.88,NA,NA,NA,NA,NA,NA
pers_544074,5_financial,Telephone services,2026-01-01,18.12,NA,NA,NA,NA,NA,NA
pers_544074,5_financial,Donations,2026-01-01,376.4,NA,NA,NA,NA,NA,NA
pers_544074,5_financial,Apparel and services,2026-01-01,447.16,NA,NA,NA,NA,NA,NA
pers_544074,5_financial,Miscellaneous,2026-01-01,567.43,NA,NA,NA,NA,NA,NA
pers_544074,5_financial,Personal care products and services,2026-01-01,4.52,NA,NA,NA,NA,NA,NA
pers_544074,5_financial,Household furnishings,2026-01-01,592.22,NA,NA,NA,NA,NA,NA
pers_544074,5_financial,Personal taxes,2026-01-01,243.68,NA,NA,NA,NA,NA,NA
pers_544074,5_financial,Transportation,2026-01-01,2345.31,NA,NA,NA,NA,NA,NA
pers_541619,5_financial,Rented dwellings,2026-01-01,1088.77,NA,NA,NA,NA,NA,NA
pers_541619,5_financial,Home maintenance,2026-01-01,444.32,NA,NA,NA,NA,NA,NA
pers_541619,5_financial,Healthcare,2026-01-01,713.5,NA,NA,NA,NA,NA,NA
pers_541619,5_financial,Money income before taxes,2026-01-01,-4553.79,NA,NA,NA,NA,NA,NA
pers_541619,5_financial,Personal insurance and pensions,2026-01-01,26.11,NA,NA,NA,NA,NA,NA
pers_541619,5_financial,Alcohol,2026-01-01,75.27,NA,NA,NA,NA,NA,NA
pers_541619,5_financial,Water and other public services,2026-01-01,218.46,NA,NA,NA,NA,NA,NA
pers_541619,5_financial,Groceries,2026-01-01,208.62,NA,NA,NA,NA,NA,NA
pers_541619,5_financial,Electricity,2026-01-01,231.44,NA,NA,NA,NA,NA,NA
pers_541619,5_financial,Lodging away from home,2026-01-01,577.37,NA,NA,NA,NA,NA,NA
pers_541619,5_financial,Education,2026-01-01,16.34,NA,NA,NA,NA,NA,NA
pers_541619,5_financial,Housekeeping supplies,2026-01-01,92.3,NA,NA,NA,NA,NA,NA
pers_541619,5_financial,Restaurants,2026-01-01,263.52,NA,NA,NA,NA,NA,NA
pers_541619,5_financial,Telephone services,2026-01-01,125.82,NA,NA,NA,NA,NA,NA
pers_541619,5_financial,Donations,2026-01-01,588.78,NA,NA,NA,NA,NA,NA
pers_541619,5_financial,Apparel and services,2026-01-01,669.26,NA,NA,NA,NA,NA,NA
pers_541619,5_financial,Household operations,2026-01-01,21.65,NA,NA,NA,NA,NA,NA
pers_541619,5_financial,Miscellaneous,2026-01-01,574.32,NA,NA,NA,NA,NA,NA
pers_541619,5_financial,Reading,2026-01-01,4.93,NA,NA,NA,NA,NA,NA
pers_541619,5_financial,Property taxes,2026-01-01,146.4,NA,NA,NA,NA,NA,NA
pers_541619,5_financial,Personal care products and services,2026-01-01,85.13,NA,NA,NA,NA,NA,NA
pers_541619,5_financial,Household furnishings,2026-01-01,1085.42,NA,NA,NA,NA,NA,NA
pers_541619,5_financial,Personal taxes,2026-01-01,72.99,NA,NA,NA,NA,NA,NA
pers_541619,5_financial,Transportation,2026-01-01,2793.29,NA,NA,NA,NA,NA,NA
pers_541619,5_financial,Mortgage payments,2026-01-01,283.97,NA,NA,NA,NA,NA,NA
pers_614761,5_financial,Rented dwellings,2026-01-01,4471.64,NA,NA,NA,NA,NA,NA
pers_614761,5_financial,Gifts,2026-01-01,-2505.35,NA,NA,NA,NA,NA,NA
pers_614761,5_financial,Money income before taxes,2026-01-01,-24662.9,NA,NA,NA,NA,NA,NA
pers_614761,5_financial,Alcohol,2026-01-01,11.82,NA,NA,NA,NA,NA,NA
pers_614761,5_financial,Water and other public services,2026-01-01,663.33,NA,NA,NA,NA,NA,NA
pers_614761,5_financial,Groceries,2026-01-01,1026.74,NA,NA,NA,NA,NA,NA
pers_614761,5_financial,Electricity,2026-01-01,584.32,NA,NA,NA,NA,NA,NA
pers_614761,5_financial,Education,2026-01-01,847.85,NA,NA,NA,NA,NA,NA
pers_614761,5_financial,Housekeeping supplies,2026-01-01,425.54,NA,NA,NA,NA,NA,NA
pers_614761,5_financial,Restaurants,2026-01-01,3508.3,NA,NA,NA,NA,NA,NA
pers_614761,5_financial,Telephone services,2026-01-01,17.14,NA,NA,NA,NA,NA,NA
pers_614761,5_financial,Apparel and services,2026-01-01,460.73,NA,NA,NA,NA,NA,NA
pers_614761,5_financial,Household operations,2026-01-01,532.11,NA,NA,NA,NA,NA,NA
pers_614761,5_financial,Miscellaneous,2026-01-01,1698.46,NA,NA,NA,NA,NA,NA
pers_614761,5_financial,Personal care products and services,2026-01-01,489.33,NA,NA,NA,NA,NA,NA
pers_614761,5_financial,Household furnishings,2026-01-01,2501.87,NA,NA,NA,NA,NA,NA
pers_614761,5_financial,Personal taxes,2026-01-01,2556.09,NA,NA,NA,NA,NA,NA
pers_614761,5_financial,Transportation,2026-01-01,5740.1,NA,NA,NA,NA,NA,NA
pers_500813,5_financial,Tobacco,2026-01-01,185.98,NA,NA,NA,NA,NA,NA
pers_500813,5_financial,Rented dwellings,2026-01-01,3233.06,NA,NA,NA,NA,NA,NA
pers_500813,5_financial,Home maintenance,2026-01-01,1861.41,NA,NA,NA,NA,NA,NA
pers_500813,5_financial,Healthcare,2026-01-01,1208.09,NA,NA,NA,NA,NA,NA
pers_500813,5_financial,Money income before taxes,2026-01-01,-26707.8,NA,NA,NA,NA,NA,NA
pers_500813,5_financial,Personal insurance and pensions,2026-01-01,3517.64,NA,NA,NA,NA,NA,NA
pers_500813,5_financial,Alcohol,2026-01-01,162.65,NA,NA,NA,NA,NA,NA
pers_500813,5_financial,Water and other public services,2026-01-01,340.32,NA,NA,NA,NA,NA,NA
pers_500813,5_financial,Groceries,2026-01-01,703.66,NA,NA,NA,NA,NA,NA
pers_500813,5_financial,Electricity,2026-01-01,243.26,NA,NA,NA,NA,NA,NA
pers_500813,5_financial,Education,2026-01-01,2066.72,NA,NA,NA,NA,NA,NA
pers_500813,5_financial,Housekeeping supplies,2026-01-01,635.44,NA,NA,NA,NA,NA,NA
pers_500813,5_financial,Restaurants,2026-01-01,2511.22,NA,NA,NA,NA,NA,NA
pers_500813,5_financial,Telephone services,2026-01-01,249.16,NA,NA,NA,NA,NA,NA
pers_500813,5_financial,Apparel and services,2026-01-01,708.12,NA,NA,NA,NA,NA,NA
pers_500813,5_financial,Household operations,2026-01-01,1122.43,NA,NA,NA,NA,NA,NA
pers_500813,5_financial,Miscellaneous,2026-01-01,1552.37,NA,NA,NA,NA,NA,NA
pers_500813,5_financial,Reading,2026-01-01,161.16,NA,NA,NA,NA,NA,NA
pers_500813,5_financial,Property taxes,2026-01-01,1241.29,NA,NA,NA,NA,NA,NA
pers_500813,5_financial,Personal care products and services,2026-01-01,285.6,NA,NA,NA,NA,NA,NA
pers_500813,5_financial,Household furnishings,2026-01-01,1413.05,NA,NA,NA,NA,NA,NA
pers_500813,5_financial,Personal taxes,2026-01-01,2892.02,NA,NA,NA,NA,NA,NA
pers_500813,5_financial,Transportation,2026-01-01,7926.69,NA,NA,NA,NA,NA,NA
pers_500813,5_financial,Mortgage payments,2026-01-01,930.98,NA,NA,NA,NA,NA,NA
